/*
SQLyog Ultimate v11.13 (64 bit)
MySQL - 5.5.25a : Database - direct-bank
*********************************************************************
*/

/*!40101 SET NAMES utf8 */;

/*!40101 SET SQL_MODE=''*/;

/*!40014 SET @OLD_UNIQUE_CHECKS=@@UNIQUE_CHECKS, UNIQUE_CHECKS=0 */;
/*!40014 SET @OLD_FOREIGN_KEY_CHECKS=@@FOREIGN_KEY_CHECKS, FOREIGN_KEY_CHECKS=0 */;
/*!40101 SET @OLD_SQL_MODE=@@SQL_MODE, SQL_MODE='NO_AUTO_VALUE_ON_ZERO' */;
/*!40111 SET @OLD_SQL_NOTES=@@SQL_NOTES, SQL_NOTES=0 */;
CREATE DATABASE /*!32312 IF NOT EXISTS*/`direct-bank` /*!40100 DEFAULT CHARACTER SET utf8 */;

USE `direct-bank`;

/*Table structure for table `com_dict_tb` */

DROP TABLE IF EXISTS `com_dict_tb`;

CREATE TABLE `com_dict_tb` (
  `sun_key` char(20) DEFAULT NULL COMMENT '主键',
  `val` char(20) DEFAULT NULL COMMENT '值',
  `prompt` varchar(60) DEFAULT NULL COMMENT '意义'
) ENGINE=InnoDB DEFAULT CHARSET=utf8;

/*Data for the table `com_dict_tb` */

insert  into `com_dict_tb`(`sun_key`,`val`,`prompt`) values ('K_MAILSTA','0','未绑定'),('K_MAILSTA','1','已绑定'),('K_ACCTSTA','0','未激活'),('K_ACCTSTA','1','已激活'),('K_ACCTSTA','2','已冻结'),('K_SEX','0','男'),('K_SEX','1','女'),('K_AMTTYPE','0','收入'),('K_AMTTYPE','1','支出'),('K_CARDTYPE','1','支取'),('K_CARDTYPE','1','体现'),('K_CARDTYPE','2','支付与提现'),('K_ISUSE','0','否'),('K_ISUSE','1','是'),('K_PRODTYPE','0','货币基金'),('K_PRODTYPE','1','普通基金'),('K_PRODTYPE','2','小微企业贷款'),('K_PRODTYPE','3','个人贷款'),('K_CURRTYPE','156','人民币'),('K_CURRTYPE','084','美元');

/*Table structure for table `com_dictmap_tb` */

DROP TABLE IF EXISTS `com_dictmap_tb`;

CREATE TABLE `com_dictmap_tb` (
  `sun_key` char(20) DEFAULT NULL COMMENT '主键',
  `prompt` varchar(60) DEFAULT NULL COMMENT '意义'
) ENGINE=InnoDB DEFAULT CHARSET=utf8;

/*Data for the table `com_dictmap_tb` */

insert  into `com_dictmap_tb`(`sun_key`,`prompt`) values ('K_CURRTYPE','币种'),('K_PRODTYPE','产品类别'),('K_CARDTYPE','卡类型'),('K_ISUSE','是非'),('K_SEX','性别'),('K_MAILSTA','邮箱是否验证'),('K_ACCTSTA','账户状态'),('K_AMTTYPE','资金流向');

/*Table structure for table `cus_account_tb` */

DROP TABLE IF EXISTS `cus_account_tb`;

CREATE TABLE `cus_account_tb` (
  `acc_id` varchar(32) NOT NULL,
  `name` varchar(10) NOT NULL,
  `id_card` char(18) NOT NULL,
  `phone_num` char(11) NOT NULL,
  `email` char(30) NOT NULL,
  `login_pwd` varchar(20) NOT NULL,
  `trade_pwd` varchar(20) NOT NULL,
  `n_balance` decimal(19,2) NOT NULL DEFAULT '0.00',
  `reg_time` datetime NOT NULL,
  `auth_amout` decimal(19,2) NOT NULL,
  `risk_lvl` int(2) DEFAULT NULL,
  `acc_lvl` int(2) DEFAULT NULL,
  `face_img` varchar(60) NOT NULL DEFAULT 'default',
  `email_chked` int(1) NOT NULL DEFAULT '0',
  `last_login_time` datetime DEFAULT NULL,
  `last_login_ip` varchar(15) DEFAULT NULL,
  `acc_state` int(2) NOT NULL,
  `t_balance` decimal(19,2) NOT NULL DEFAULT '0.00',
  `sex` varchar(2) DEFAULT NULL,
  PRIMARY KEY (`acc_id`)
) ENGINE=InnoDB DEFAULT CHARSET=utf8;

/*Data for the table `cus_account_tb` */

insert  into `cus_account_tb`(`acc_id`,`name`,`id_card`,`phone_num`,`email`,`login_pwd`,`trade_pwd`,`n_balance`,`reg_time`,`auth_amout`,`risk_lvl`,`acc_lvl`,`face_img`,`email_chked`,`last_login_time`,`last_login_ip`,`acc_state`,`t_balance`,`sex`) values ('11111112','小红','123111111111111111','15011111112','qw@126.com','111111','111111',-299.00,'2014-09-30 14:29:47',1.00,NULL,NULL,'default',0,'2014-09-30 14:29:47','172.16.0.120',1,-299.00,NULL),('1410244660083','中国人','320989898989897654','15234343434','13131@11.com','12345','123456',44645.00,'2014-09-09 14:37:40',0.00,NULL,NULL,'default',0,'2014-09-30 17:11:54','0:0:0:0:0:0:0:1',1,44625.00,NULL),('1410250836566','信雅达','112233445566778899','11223344556','Dali@163.com.cn','123456','123456',9967598.00,'2014-09-22 12:05:43',101.00,NULL,NULL,'default',0,'2014-10-09 09:16:28','172.16.0.120',1,9967598.00,'女'),('18569067','木哥','342224198811071856','18667919067','927894497@qq.com','a111111','000000',99999999999.00,'2014-09-29 18:04:16',99999999999.00,NULL,NULL,'default',0,'2014-09-29 18:12:09','0:0:0:0:0:0:0:1',1,99999999999.00,NULL),('31621254','注册','271391273912673162','12668451254','bb@163.com','123456','123',-400.00,'2014-09-29 17:54:42',0.00,NULL,NULL,'default',0,'2014-09-29 17:54:42','0:0:0:0:0:0:0:1',0,-400.00,NULL),('31989378','哈哈哈啊哈哈','127321897381973198','12731289378','dddddb@163.com','123456','123',0.00,'2014-09-30 11:29:10',0.00,NULL,NULL,'default',0,'2014-09-30 11:29:10','172.16.5.33',0,0.00,NULL),('43433332','吴猛','342223434343434343','12322323332','123@qq.com','a111111','000000',999899000.00,'2014-09-30 11:43:30',1000000000.00,NULL,NULL,'default',0,'2014-09-30 11:43:30','172.16.0.5',1,999899000.00,NULL);

/*Table structure for table `cus_card_tb` */

DROP TABLE IF EXISTS `cus_card_tb`;

CREATE TABLE `cus_card_tb` (
  `isuse` char(1) DEFAULT NULL COMMENT '是否有效',
  `t_pwd` char(25) DEFAULT NULL COMMENT '手机号',
  `bank_no` char(50) DEFAULT NULL COMMENT '银行代码',
  `card_no` varchar(25) DEFAULT NULL COMMENT '卡号',
  `acc_id` varchar(32) NOT NULL COMMENT '账号',
  `open_branch` varchar(50) DEFAULT NULL COMMENT '开户行',
  `card_type` varchar(20) DEFAULT NULL COMMENT '类型'
) ENGINE=InnoDB DEFAULT CHARSET=utf8;

/*Data for the table `cus_card_tb` */

insert  into `cus_card_tb`(`isuse`,`t_pwd`,`bank_no`,`card_no`,`acc_id`,`open_branch`,`card_type`) values ('1','15234343434','杭州银行','663288888888888888','1410244660083','杭州支行','提现'),('1','15234343434','大名银行','663288888888888887','1410244660083','杭州支行','充值'),('0','15234343434','黄河银行','663288888888888886','1410250836566','杭州支行','提现'),('0','18223344556','中国银行','663288888888888885','1410250836566','深圳分行','充值'),('1','18223344556','长江银行','663288888888888884','1410250836566','杭州支行','充值'),('1','18223344556','汉口银行','663288888888888883','1410250836566','杭州支行','充值'),('1','18223344556','中国银行','663288888888888882','1410250836566','杭州支行','提现与充值'),('1','12668451254','中国银行','123','31621254','123','提现'),('1','21684612876','中国银行','123','87642876','123','提现'),('0','15011111111','1','1','81201111','1','æç°'),('1','26178461287','中国银行','123','71261287','123','提现'),('1','12876438712','中国银行','123','12638712','杭州支行','提现'),('1','26187462187','123','123','12642187','123','æç°'),('0','12383479569','中国银行','8776666666666666666','34879569','大大大','提现'),('0','15011111111','ä¸­å½é¶è¡','12','81201111','12','æç°'),('0','12731289378','123','123444','31989378','123','提现'),('1','12322323332','招行','6455555555555555555','43433332','工行','提现'),('1','15011111112','中国银行','123','11111112','12','提现'),('0','11223344556','中国银行','12','1410250836566','12','提现');

/*Table structure for table `cus_fundtranslist_tb` */

DROP TABLE IF EXISTS `cus_fundtranslist_tb`;

CREATE TABLE `cus_fundtranslist_tb` (
  `trans_id` int(11) NOT NULL COMMENT '交易流水',
  `acc_id` varchar(32) NOT NULL COMMENT '交易帐号',
  `debit_card` varchar(25) NOT NULL COMMENT '转入卡号',
  `trans_type` varchar(20) NOT NULL COMMENT '交易类型',
  `f_out` decimal(19,2) DEFAULT NULL COMMENT '转出金额',
  `f_in` decimal(19,2) DEFAULT NULL COMMENT '转入金额',
  `balance` decimal(19,2) DEFAULT NULL COMMENT '余额',
  `trans_time` datetime NOT NULL COMMENT '交易时间'
) ENGINE=InnoDB DEFAULT CHARSET=utf8;

/*Data for the table `cus_fundtranslist_tb` */

insert  into `cus_fundtranslist_tb`(`trans_id`,`acc_id`,`debit_card`,`trans_type`,`f_out`,`f_in`,`balance`,`trans_time`) values (100070,'1410244660083','3200','0',0.00,100.00,49846.00,'2014-09-19 11:49:57'),(100070,'1410244660083','3200','1',100.00,0.00,49746.00,'2014-09-19 11:49:57'),(100072,'1410244660083','3200','0',0.00,100.00,49646.00,'2014-09-19 13:10:39'),(100073,'1410244660083','3200','0',0.00,200.00,49846.00,'2014-09-19 13:35:35'),(100073,'1410244660083','3200','1',200.00,0.00,49646.00,'2014-09-19 13:35:35'),(100074,'1410244660083','3200','0',0.00,2000.00,51646.00,'2014-09-19 13:38:04'),(100074,'1410244660083','3200','1',2000.00,0.00,49646.00,'2014-09-19 13:38:04'),(100076,'1410244660083','3209862','0',0.00,200.00,49846.00,'2014-09-19 13:38:49'),(100076,'1410244660083','3209862','1',200.00,0.00,49646.00,'2014-09-19 13:38:49'),(100077,'1410244660083','3200','0',0.00,2300.00,31946.00,'2014-09-19 13:46:08'),(100077,'1410244660083','3200','1',2300.00,0.00,29646.00,'2014-09-19 13:46:08'),(100078,'1410244660083','3200','0',0.00,3200.00,32846.00,'2014-09-19 13:51:05'),(100078,'1410244660083','3200','1',3200.00,0.00,29646.00,'2014-09-19 13:51:05'),(100079,'1410244660083','3200','0',0.00,3200.00,32846.00,'2014-09-19 13:55:04'),(100079,'1410244660083','3200','1',3200.00,0.00,29646.00,'2014-09-19 13:55:37'),(100081,'1410244660083','3200','0',0.00,500.00,30146.00,'2014-09-19 14:02:59'),(100081,'1410244660083','3200','0',0.00,500.00,30146.00,'2014-09-19 14:03:12'),(100082,'1410244660083','3209862','0',0.00,100.00,29746.00,'2014-09-19 14:03:25'),(100083,'1410244660083','3200','0',0.00,200.00,30946.00,'2014-09-19 14:07:08'),(100089,'1410244660083','3200','0',0.00,100.00,31046.00,'2014-09-19 14:35:03'),(100091,'1410244660083','3209862','0',0.00,300.00,31346.00,'2014-09-19 16:03:09'),(100091,'1410244660083','3209862','1',300.00,0.00,31046.00,'2014-09-19 16:03:09'),(100092,'1410244660083','3200','0',0.00,700.00,31746.00,'2014-09-19 16:07:11'),(100092,'1410244660083','3200','1',700.00,0.00,31046.00,'2014-09-19 16:11:13'),(100095,'1410244660083','3200','0',0.00,100.00,31146.00,'2014-09-19 16:44:27'),(100097,'1410244660083','3200','0',0.00,1200.00,32346.00,'2014-09-22 11:53:44'),(100097,'1410244660083','3200','1',1200.00,0.00,31146.00,'2014-09-22 11:53:46'),(100098,'1410244660083','3200','0',0.00,1100.00,32246.00,'2014-09-22 11:55:19'),(100098,'1410244660083','3200','1',1100.00,0.00,31146.00,'2014-09-22 11:55:19'),(100100,'1410244660083','3200','0',0.00,100.00,31246.00,'2014-09-22 11:59:58'),(100100,'1410244660083','3200','1',100.00,0.00,31146.00,'2014-09-22 11:59:58'),(100101,'88994556','112233445566778899','0',0.00,11.00,11.00,'2014-09-22 12:02:19'),(100020,'1410244660083','3200','0',0.00,60000.00,60000.00,'2014-09-14 22:39:14'),(100020,'1410244660083','3200','0',0.00,60000.00,60000.00,'2014-09-14 22:39:14'),(100021,'1410244660083','3200','0',0.00,500.00,500.00,'2014-09-15 00:16:04'),(100021,'1410244660083','3200','0',0.00,500.00,500.00,'2014-09-15 00:16:04'),(100022,'1410244660083','3200','0',0.00,4800.00,4800.00,'2014-09-15 00:17:51'),(100022,'1410244660083','3200','0',0.00,4800.00,4800.00,'2014-09-15 00:17:51'),(100023,'1410244660083','3200','0',0.00,3200.00,3200.00,'2014-09-15 00:21:18'),(100023,'1410244660083','3200','0',0.00,3200.00,3200.00,'2014-09-15 00:21:18'),(100024,'1410250836566','','0',0.00,100.00,200.00,'2014-09-19 14:50:40'),(100025,'1410250836566','','0',0.00,100.00,300.00,'2014-09-19 14:51:27'),(100029,'1410250836566','','0',0.00,100.00,400.00,'2014-09-19 16:00:31'),(100034,'1410250836566','123456','0',0.00,3.00,403.00,'2014-09-19 16:22:35'),(100035,'1410250836566','123456','0',0.00,5.00,408.00,'2014-09-19 17:14:25'),(100036,'1410250836566','123456','0',0.00,10.00,418.00,'2014-09-19 17:32:34'),(100037,'1410250836566','123456','0',0.00,50.00,458.00,'2014-09-19 17:33:56'),(100038,'1410250836566','123456','0',0.00,100.00,568.00,'2014-09-19 17:37:45'),(100039,'1410250836566','123456','0',0.00,3.00,571.00,'2014-09-19 17:39:04'),(100040,'1410250836566','123456','0',0.00,4.00,575.00,'2014-09-19 17:40:08'),(100045,'27488641','123','0',0.00,88.00,88.00,'2014-09-22 02:18:45'),(100046,'1410250836566','','0',0.00,12.00,587.00,'2014-09-22 02:23:16'),(100047,'27488641','123','0',0.00,200.00,200.00,'2014-09-22 02:26:31'),(100048,'28168746','123','0',0.00,99.00,99.00,'2014-09-22 02:34:01'),(100049,'98792764','123','0',0.00,101.00,101.00,'2014-09-22 02:46:44'),(100050,'1410250836566','123456','0',0.00,100.00,687.00,'2014-09-22 10:24:24'),(100104,'12110764','1212','0',0.00,1.00,1.00,'2014-09-22 16:24:47'),(100105,'1410244660083','','0',NULL,23456.00,78078.00,'2014-09-23 09:28:47'),(100106,'1410244660083','','0',NULL,23456.00,78078.00,'2014-09-23 09:29:50'),(100110,'1410244660083','3200','0',0.00,200.00,52802.00,'2014-09-23 16:35:06'),(100110,'1410244660083','3200','1',200.00,0.00,52602.00,'2014-09-23 16:35:06'),(100111,'1410244660083','3209862','0',0.00,100.00,52702.00,'2014-09-23 16:41:55'),(100111,'1410244660083','3209862','1',100.00,0.00,52602.00,'2014-09-23 16:41:55'),(100122,'1410244660083','','0',NULL,400.00,53422.00,'2014-09-24 10:15:10'),(100123,'1410244660083','','0',NULL,100.00,52822.00,'2014-09-24 10:18:38'),(100124,'1410244660083','','0',NULL,200.00,53022.00,'2014-09-24 10:20:19'),(100125,'1410244660083','','0',NULL,40.00,53002.00,'2014-09-24 10:22:09'),(100130,'1410244660083','3209862','0',0.00,200.00,52702.00,'2014-09-24 11:17:23'),(100130,'1410244660083','3209862','1',200.00,0.00,52502.00,'2014-09-24 11:17:23'),(100134,'1410244660083','3209862','0',0.00,200.00,48302.00,'2014-09-24 14:52:07'),(100134,'1410244660083','3209862','1',200.00,0.00,48102.00,'2014-09-24 14:52:07'),(100136,'1410244660083','3209862','0',0.00,300.00,48402.00,'2014-09-24 14:53:11'),(100137,'1410244660083','3209862','0',0.00,300.00,48502.00,'2014-09-24 14:55:22'),(100138,'1410244660083','3209862','0',0.00,300.00,48802.00,'2014-09-24 14:56:55'),(100139,'1410244660083','','0',NULL,200.00,48922.00,'2014-09-24 14:57:12'),(100140,'1410244660083','','0',NULL,323.00,49168.00,'2014-09-24 14:57:57'),(100141,'1410250836566','321','0',0.00,100.00,111.00,'2014-09-26 14:12:16'),(100141,'1410250836566','321','1',100.00,0.00,11.00,'2014-09-26 14:12:16'),(100143,'1410250836566','321','0',0.00,300.00,211.00,'2014-09-26 16:50:02'),(100143,'1410250836566','321','1',300.00,0.00,-89.00,'2014-09-26 16:50:02'),(100145,'1410250836566','321','0',0.00,400.00,211.00,'2014-09-28 09:48:05'),(100145,'1410250836566','321','1',400.00,0.00,-189.00,'2014-09-28 09:48:05'),(100159,'50117091','12','0',0.00,1.00,1.00,'2014-09-28 14:19:03'),(100176,'1410250836566','213','0',0.00,100.00,-89.00,'2014-09-28 15:47:19'),(100180,'1410250836566','213','0',0.00,100.00,-89.00,'2014-09-28 17:07:23'),(100180,'1410250836566','213','1',100.00,0.00,-189.00,'2014-09-28 17:07:23'),(100183,'1410244660083','3200','0',0.00,200.00,49125.00,'2014-09-28 17:25:00'),(100183,'1410244660083','3200','1',200.00,0.00,48925.00,'2014-09-28 17:25:00'),(100183,'1410244660083','3200','0',0.00,200.00,49125.00,'2014-09-28 17:25:57'),(100183,'1410244660083','3200','1',200.00,0.00,48925.00,'2014-09-28 17:25:57'),(100188,'1410250836566','321','0',0.00,300.00,11.00,'2014-09-28 17:58:23'),(100187,'1410250836566','321','0',0.00,300.00,11.00,'2014-09-28 18:01:55'),(100189,'1410250836566','321','0',0.00,100.00,-189.00,'2014-09-28 18:04:00'),(100192,'27861287','123456','0',0.00,1.00,1.00,'2014-09-29 15:02:54'),(100193,'1410250836566','','0',NULL,100.00,611.00,'2014-09-29 15:50:49'),(100194,'1410250836566','','0',NULL,100.00,711.00,'2014-09-29 15:53:36'),(100195,'1410250836566','','0',NULL,-200.00,411.00,'2014-09-29 16:07:02'),(100195,'1410250836566','213','0',0.00,-200.00,411.00,'2014-09-29 16:07:03'),(100196,'1410250836566','','0',NULL,-200.00,211.00,'2014-09-29 16:10:19'),(100196,'1410250836566','321','0',0.00,-200.00,211.00,'2014-09-29 16:10:19'),(100197,'1410250836566','','0',NULL,-1.00,210.00,'2014-09-29 16:10:46'),(100197,'1410250836566','213','0',0.00,-1.00,210.00,'2014-09-29 16:10:46'),(100198,'1410250836566','','0',NULL,-11.00,199.00,'2014-09-29 16:12:03'),(100198,'1410250836566','213','0',0.00,-11.00,199.00,'2014-09-29 16:12:03'),(100199,'1410250836566','','0',NULL,-1.00,198.00,'2014-09-29 16:14:46'),(100199,'1410250836566','321','0',0.00,-1.00,198.00,'2014-09-29 16:14:46'),(100200,'1410250836566','123','0',0.00,1.00,199.00,'2014-09-29 16:21:21'),(100202,'1410250836566','123','0',0.00,100.00,199.00,'2014-09-29 17:15:09'),(100202,'1410250836566','123','1',100.00,0.00,99.00,'2014-09-29 17:15:09'),(100205,'1410250836566','663288888888888800','0',0.00,100.00,100099.00,'2014-09-29 17:50:37'),(100205,'1410250836566','663288888888888800','1',100.00,0.00,99999.00,'2014-09-29 17:50:37'),(100206,'1410250836566','663288888888888800','0',0.00,100.00,100099.00,'2014-09-29 17:51:05'),(100206,'1410250836566','663288888888888800','1',100.00,0.00,99999.00,'2014-09-29 17:51:05'),(100207,'1410250836566','663288888888888800','0',0.00,500.00,100499.00,'2014-09-29 17:53:42'),(100207,'1410250836566','663288888888888800','1',500.00,0.00,99999.00,'2014-09-29 17:53:42'),(100212,'18569067','644488888888','0',0.00,99999999999.00,99999999999.00,'2014-09-29 18:07:36'),(100214,'1410244660083','663288888888888800','0',0.00,100.00,48325.00,'2014-09-29 18:08:59'),(100214,'1410244660083','663288888888888800','1',100.00,0.00,48225.00,'2014-09-29 18:08:59'),(100220,'1410244660083','663288888888888800','0',0.00,800.00,47525.00,'2014-09-29 18:55:21'),(100220,'1410244660083','663288888888888800','1',800.00,0.00,46725.00,'2014-09-29 18:55:21'),(100221,'1410250836566','663288888888888800','0',0.00,10000000.00,10099999.00,'2014-09-30 09:30:55'),(100222,'1410244660083','','0',NULL,300.00,46345.00,'2014-09-30 09:33:27'),(100223,'1410250836566','','0',NULL,123.00,10100122.00,'2014-09-30 09:39:45'),(100223,'1410250836566','663288888888888884','0',0.00,123.00,10100122.00,'2014-09-30 09:39:45'),(100224,'1410250836566','','0',NULL,76.00,10099952.00,'2014-09-30 09:40:23'),(100224,'1410250836566','663288888888888884','0',0.00,76.00,10099952.00,'2014-09-30 09:40:23'),(100225,'1410250836566','','0',NULL,100.00,10099900.00,'2014-09-30 09:42:11'),(100225,'1410250836566','663288888888888884','0',0.00,100.00,10099900.00,'2014-09-30 09:42:11'),(100227,'1410250836566','','0',NULL,1000.00,10101700.00,'2014-09-30 09:43:06'),(100228,'1410250836566','','0',NULL,100.00,10099800.00,'2014-09-30 09:47:50'),(100228,'1410250836566','663288888888888884','0',0.00,100.00,10099800.00,'2014-09-30 09:47:50'),(100229,'1410250836566','','0',NULL,-10000.00,10080600.00,'2014-09-30 09:50:16'),(100229,'1410250836566','663288888888888884','0',0.00,-10000.00,10080600.00,'2014-09-30 09:50:16'),(100230,'1410250836566','','0',NULL,-600.00,10080000.00,'2014-09-30 09:50:31'),(100230,'1410250836566','663288888888888884','0',0.00,-600.00,10080000.00,'2014-09-30 09:50:31'),(100231,'81201111','123123','0',0.00,1.00,1.00,'2014-09-30 09:53:12'),(100233,'1410244660083','','0',NULL,400.00,46845.00,'2014-09-30 10:00:16'),(100234,'1410250836566','','0',NULL,-100000.00,9980000.00,'2014-09-30 10:07:38'),(100234,'1410250836566','663288888888888884','0',0.00,-100000.00,9980000.00,'2014-09-30 10:07:38'),(100235,'1410250836566','','0',NULL,100000.00,10180000.00,'2014-09-30 10:07:59'),(100237,'1410250836566','','0',NULL,1.00,10079001.00,'2014-09-30 10:12:27'),(100237,'1410250836566','663288888888888884','0',0.00,1.00,10079001.00,'2014-09-30 10:12:28'),(100239,'12638712','123','0',0.00,1.00,1.00,'2014-09-30 10:26:30'),(100240,'1410244660083','','0',NULL,200.00,46845.00,'2014-09-30 10:35:41'),(100241,'81201111','123123','0',0.00,10000.00,9901.00,'2014-09-30 10:46:36'),(100242,'1410250836566','663288888888888800','0',0.00,100.00,10078099.00,'2014-09-30 11:42:24'),(100243,'43433332','6455555555555555555','0',0.00,1000000000.00,1000000000.00,'2014-09-30 11:43:51'),(100246,'1410250836566','','0',NULL,-10000.00,10068099.00,'2014-09-30 12:44:14'),(100246,'1410250836566','663288888888888884','0',0.00,-10000.00,10068099.00,'2014-09-30 12:44:14'),(100247,'1410250836566','','0',NULL,1000.00,10070099.00,'2014-09-30 13:32:56'),(100248,'1410250836566','','0',NULL,-100.00,10068999.00,'2014-09-30 13:33:59'),(100248,'1410250836566','663288888888888884','0',0.00,-100.00,10068999.00,'2014-09-30 13:33:59'),(100249,'1410250836566','','0',NULL,-100000.00,9968099.00,'2014-09-30 13:34:29'),(100249,'1410250836566','663288888888888884','0',0.00,-100000.00,9968099.00,'2014-09-30 13:34:29'),(100250,'1410250836566','','0',NULL,-100.00,10068899.00,'2014-09-30 13:34:53'),(100250,'1410250836566','663288888888888884','0',0.00,-100.00,10068899.00,'2014-09-30 13:34:53'),(100251,'11111112','123','0',0.00,1.00,1.00,'2014-09-30 14:30:11'),(100267,'1410250836566','663288888888888800','0',0.00,100.00,9967999.00,'2014-10-08 15:21:10'),(100268,'1410250836566','663288888888888800','0',0.00,100.00,9967899.00,'2014-10-08 15:25:00'),(100269,'1410250836566','','0',NULL,-1.00,9967898.00,'2014-10-08 15:26:59'),(100269,'1410250836566','663288888888888884','0',0.00,-1.00,9967898.00,'2014-10-08 15:26:59'),(100270,'1410250836566','','0',NULL,-100.00,9967798.00,'2014-10-08 16:54:56'),(100270,'1410250836566','663288888888888884','0',0.00,-100.00,9967798.00,'2014-10-08 16:54:56');

/*Table structure for table `cus_translist_tb` */

DROP TABLE IF EXISTS `cus_translist_tb`;

CREATE TABLE `cus_translist_tb` (
  `trans_id` int(11) NOT NULL AUTO_INCREMENT COMMENT '交易流水',
  `acc_id` varchar(32) DEFAULT NULL COMMENT '交易帐号',
  `card` varchar(25) DEFAULT NULL COMMENT '银行卡号',
  `channel` varchar(10) DEFAULT NULL COMMENT '渠道',
  `trans_type` varchar(20) DEFAULT NULL COMMENT '交易类型',
  `prod_id` int(11) DEFAULT NULL COMMENT '产品代码',
  `amount` decimal(19,2) DEFAULT NULL COMMENT '交易金额',
  `balance` decimal(19,2) DEFAULT NULL COMMENT '余额',
  `trade_state` int(2) DEFAULT NULL COMMENT '交易状态',
  `trans_time` datetime DEFAULT NULL COMMENT '交易时间',
  PRIMARY KEY (`trans_id`)
) ENGINE=InnoDB AUTO_INCREMENT=100278 DEFAULT CHARSET=utf8;

/*Data for the table `cus_translist_tb` */

insert  into `cus_translist_tb`(`trans_id`,`acc_id`,`card`,`channel`,`trans_type`,`prod_id`,`amount`,`balance`,`trade_state`,`trans_time`) values (100020,'1410244660083','3200','1','0',6,60000.00,NULL,0,'2014-09-14 22:38:49'),(100021,'1410244660083','3200','1','0',1212121,500.00,NULL,0,'2014-09-15 00:14:41'),(100022,'1410244660083','3200','1','0',1212121,4800.00,NULL,0,'2014-09-15 00:17:46'),(100023,'1410244660083','3200','1','0',1212121,3200.00,NULL,0,'2014-09-15 00:21:13'),(100024,'1410250836566','','1','0',NULL,100.00,NULL,2,'2014-09-19 14:50:33'),(100025,'1410250836566','','1','0',NULL,100.00,NULL,2,'2014-09-19 14:51:23'),(100026,'1410250836566','','0','0',NULL,1.00,NULL,0,'2014-09-19 15:48:43'),(100027,'1410250836566','','0','0',NULL,100.00,NULL,0,'2014-09-19 15:50:04'),(100028,'1410250836566','123456','0','0',NULL,1.00,NULL,0,'2014-09-19 15:59:01'),(100029,'1410250836566','','1','0',NULL,100.00,NULL,2,'2014-09-19 16:00:27'),(100030,'1410250836566','123456','0','0',NULL,1.00,NULL,0,'2014-09-19 16:05:58'),(100031,'1410250836566','123456','0','0',NULL,2.00,NULL,0,'2014-09-19 16:16:52'),(100032,'1410250836566','123456','0','0',NULL,2.00,NULL,0,'2014-09-19 16:18:16'),(100033,'1410250836566','123456','1','0',NULL,2.00,NULL,0,'2014-09-19 16:19:46'),(100034,'1410250836566','123456','1','0',NULL,3.00,NULL,2,'2014-09-19 16:22:30'),(100035,'1410250836566','123456','1','0',NULL,5.00,NULL,2,'2014-09-19 17:14:19'),(100036,'1410250836566','123456','1','0',NULL,10.00,NULL,2,'2014-09-19 17:32:30'),(100037,'1410250836566','123456','1','0',NULL,50.00,NULL,2,'2014-09-19 17:33:50'),(100038,'1410250836566','123456','1','0',NULL,100.00,NULL,2,'2014-09-19 17:37:41'),(100039,'1410250836566','123456','1','0',NULL,3.00,NULL,2,'2014-09-19 17:38:59'),(100040,'1410250836566','123456','1','0',NULL,4.00,NULL,2,'2014-09-19 17:40:04'),(100041,'64871268','123','1','0',NULL,12.00,NULL,0,'2014-09-22 01:58:35'),(100042,'87491487','123','1','0',NULL,11.00,NULL,0,'2014-09-22 02:05:02'),(100043,'87491487','123','1','0',NULL,11.00,NULL,0,'2014-09-22 02:05:50'),(100044,'87491487','123','1','0',NULL,11.00,NULL,0,'2014-09-22 02:07:01'),(100045,'27488641','123','1','0',NULL,88.00,NULL,2,'2014-09-22 02:18:42'),(100046,'1410250836566','','1','0',NULL,12.00,NULL,2,'2014-09-22 02:23:13'),(100047,'27488641','123','1','0',NULL,200.00,NULL,2,'2014-09-22 02:26:28'),(100048,'28168746','123','1','0',NULL,99.00,NULL,2,'2014-09-22 02:33:57'),(100049,'98792764','123','1','0',NULL,101.00,NULL,2,'2014-09-22 02:46:40'),(100050,'1410250836566','123456','1','0',NULL,100.00,NULL,2,'2014-09-22 10:22:59'),(100070,'1410244660083','3200','1','0',1212121,100.00,NULL,2,'2014-09-19 11:49:47'),(100071,'1410244660083','','0','0',1212121,200.00,NULL,2,'2014-09-19 11:50:21'),(100072,'1410244660083','3200','1','0',NULL,100.00,NULL,2,'2014-09-19 13:10:16'),(100073,'1410244660083','3200','1','0',5,200.00,NULL,2,'2014-09-19 13:35:31'),(100074,'1410244660083','3200','1','0',1212121,2000.00,NULL,2,'2014-09-19 13:37:54'),(100075,'1410244660083','','0','0',1212121,20000.00,NULL,2,'2014-09-19 13:38:20'),(100076,'1410244660083','3209862','1','0',5,200.00,NULL,2,'2014-09-19 13:38:45'),(100077,'1410244660083','3200','1','0',5,2300.00,NULL,2,'2014-09-19 13:45:58'),(100078,'1410244660083','3200','1','0',5,3200.00,NULL,2,'2014-09-19 13:50:58'),(100079,'1410244660083','3200','1','0',6,3200.00,NULL,2,'2014-09-19 13:54:34'),(100080,'1410244660083','3200','1','0',6,1100.00,NULL,0,'2014-09-19 13:57:25'),(100081,'1410244660083','3200','1','0',NULL,500.00,NULL,2,'2014-09-19 14:02:52'),(100082,'1410244660083','3209862','1','0',NULL,100.00,NULL,2,'2014-09-19 14:03:22'),(100083,'1410244660083','3200','1','0',NULL,200.00,NULL,2,'2014-09-19 14:07:03'),(100084,'1410244660083','3209862','1','0',6,500.00,NULL,0,'2014-09-19 14:11:15'),(100085,'1410244660083','3209862','1','0',5,200.00,NULL,0,'2014-09-19 14:18:33'),(100086,'1410244660083','3200','1','0',6,300.00,NULL,0,'2014-09-19 14:23:19'),(100087,'1410244660083','3209862','1','0',6,600.00,NULL,0,'2014-09-19 14:27:26'),(100088,'1410244660083','3209862','1','0',6,2100.00,NULL,0,'2014-09-19 14:30:04'),(100089,'1410244660083','3200','1','0',NULL,100.00,NULL,2,'2014-09-19 14:35:00'),(100090,'1410244660083','3200','1','0',1212121,100.00,NULL,0,'2014-09-19 14:37:22'),(100091,'1410244660083','3209862','1','0',5,300.00,NULL,2,'2014-09-19 16:03:04'),(100092,'1410244660083','3200','1','0',1212121,700.00,NULL,2,'2014-09-19 16:06:21'),(100093,'1410244660083','3209862','1','0',1212121,400.00,NULL,0,'2014-09-19 16:23:05'),(100094,'1410244660083','3200','1','0',1212121,3000.00,NULL,0,'2014-09-19 16:37:32'),(100095,'1410244660083','3200','1','0',NULL,100.00,NULL,2,'2014-09-19 16:44:23'),(100096,'1410244660083','3200','1','0',5,300.00,NULL,0,'2014-09-22 11:17:20'),(100097,'1410244660083','3200','1','0',5,1200.00,NULL,2,'2014-09-22 11:53:34'),(100098,'1410244660083','3200','1','0',5,1100.00,NULL,2,'2014-09-22 11:55:14'),(100099,'1410244660083','3209862','1','0',5,100.00,NULL,0,'2014-09-22 11:57:28'),(100100,'1410244660083','3200','1','0',5,100.00,NULL,2,'2014-09-22 11:59:39'),(100101,'88994556','112233445566778899','1','0',NULL,11.00,NULL,2,'2014-09-22 12:02:16'),(100102,'1410250836566','','0','0',5,100.00,NULL,0,'2014-09-22 16:16:27'),(100103,'1410250836566','','0','0',5,100.00,NULL,0,'2014-09-22 16:17:50'),(100104,'12110764','1212','1','0',NULL,1.00,NULL,2,'2014-09-22 16:23:24'),(100105,'1410244660083',NULL,'0','0',NULL,23456.00,NULL,2,'2014-09-23 09:28:47'),(100106,'1410244660083',NULL,'0','0',NULL,23456.00,NULL,2,'2014-09-23 09:29:50'),(100107,'1410244660083','','0','0',5,1100.00,NULL,2,'2014-09-23 10:42:22'),(100108,'1410244660083','','0','0',1212121,900.00,NULL,2,'2014-09-23 10:45:02'),(100109,'1410244660083','3209862','1','0',6,100.00,NULL,0,'2014-09-23 16:34:38'),(100110,'1410244660083','3200','1','0',1212121,200.00,NULL,2,'2014-09-23 16:35:01'),(100111,'1410244660083','3209862','1','0',5,100.00,NULL,2,'2014-09-23 16:41:42'),(100112,'1410244660083','3209862','1','0',NULL,100.00,NULL,0,'2014-09-24 09:36:42'),(100113,'1410244660083','3209862','1','0',NULL,100.00,NULL,0,'2014-09-24 09:43:08'),(100114,'1410244660083','3209862','1','0',NULL,100.00,NULL,0,'2014-09-24 09:43:52'),(100115,'1410244660083','3209862','1','0',NULL,100.00,NULL,0,'2014-09-24 09:44:51'),(100116,'1410244660083','3209862','1','0',NULL,100.00,NULL,0,'2014-09-24 09:45:39'),(100117,'1410244660083','3209862','1','0',NULL,100.00,NULL,0,'2014-09-24 09:49:09'),(100118,'1410244660083','3209862','1','0',NULL,100.00,NULL,0,'2014-09-24 09:50:45'),(100119,'1410244660083','3209862','1','0',NULL,100.00,NULL,0,'2014-09-24 09:51:45'),(100120,'1410244660083','3209862','1','0',NULL,100.00,NULL,0,'2014-09-24 09:52:41'),(100121,'1410244660083','3209862','1','0',5,100.00,NULL,0,'2014-09-24 10:08:19'),(100122,'1410244660083',NULL,'0','0',NULL,400.00,NULL,2,'2014-09-24 10:15:10'),(100123,'1410244660083',NULL,'0','0',NULL,100.00,NULL,2,'2014-09-24 10:18:38'),(100124,'1410244660083',NULL,'0','0',NULL,200.00,NULL,2,'2014-09-24 10:20:19'),(100125,'1410244660083',NULL,'0','0',NULL,40.00,NULL,2,'2014-09-24 10:22:09'),(100126,'1410244660083','','0','0',6,200.00,NULL,2,'2014-09-24 10:39:37'),(100127,'1410244660083','','0','0',6,200.00,NULL,2,'2014-09-24 10:43:20'),(100128,'1410244660083','','0','0',5,100.00,NULL,0,'2014-09-24 10:54:02'),(100129,'1410244660083','','0','0',6,400.00,NULL,0,'2014-09-24 10:57:21'),(100130,'1410244660083','3209862','1','0',6,200.00,NULL,2,'2014-09-24 11:17:19'),(100131,'1410244660083','','0','0',6,200.00,NULL,2,'2014-09-24 11:18:31'),(100132,'1410244660083','','0','0',6,200.00,NULL,2,'2014-09-24 11:22:04'),(100133,'1410244660083','','0','0',5,4000.00,NULL,2,'2014-09-24 11:23:53'),(100134,'1410244660083','3209862','1','0',6,200.00,NULL,2,'2014-09-24 14:51:57'),(100135,'1410244660083','','0','0',1212121,200.00,NULL,2,'2014-09-24 14:52:29'),(100136,'1410244660083','3209862','1','0',NULL,300.00,NULL,2,'2014-09-24 14:53:06'),(100137,'1410244660083','3209862','1','0',NULL,300.00,NULL,2,'2014-09-24 14:55:17'),(100138,'1410244660083','3209862','1','0',NULL,300.00,NULL,2,'2014-09-24 14:56:51'),(100139,'1410244660083',NULL,'0','0',NULL,200.00,NULL,2,'2014-09-24 14:57:12'),(100140,'1410244660083',NULL,'0','0',NULL,323.00,NULL,2,'2014-09-24 14:57:57'),(100141,'1410250836566','321','1','0',5,100.00,NULL,2,'2014-09-26 14:11:59'),(100142,'1410250836566','','0','0',1212121,100.00,NULL,2,'2014-09-26 16:40:25'),(100143,'1410250836566','321','1','0',1212121,300.00,NULL,2,'2014-09-26 16:49:57'),(100144,'1410250836566','','0','0',1212121,100.00,NULL,2,'2014-09-26 16:50:45'),(100145,'1410250836566','321','1','0',6,400.00,NULL,2,'2014-09-28 09:47:59'),(100146,'1410244660083','','0','0',1212121,400.00,NULL,0,'2014-09-28 11:15:19'),(100147,'1410244660083','','0','0',1212121,300.00,NULL,0,'2014-09-28 13:48:52'),(100148,'1410244660083','','0','0',1212121,400.00,NULL,0,'2014-09-28 13:55:02'),(100149,'1410244660083','','0','0',1212121,400.00,NULL,0,'2014-09-28 13:55:51'),(100150,'1410244660083','','0','0',1212121,400.00,NULL,0,'2014-09-28 13:56:25'),(100151,'1410244660083','','0','0',1212121,400.00,NULL,0,'2014-09-28 13:57:35'),(100152,'1410244660083','','0','0',1212121,400.00,NULL,0,'2014-09-28 14:01:04'),(100153,'1410244660083','','0','0',1212121,400.00,NULL,0,'2014-09-28 14:02:44'),(100154,'1410244660083','','0','0',1212121,400.00,NULL,0,'2014-09-28 14:05:16'),(100155,'1410244660083','','0','0',1212121,400.00,NULL,0,'2014-09-28 14:06:26'),(100156,'1410244660083','','0','0',1212121,400.00,NULL,0,'2014-09-28 14:08:31'),(100157,'1410244660083','','0','0',1212121,400.00,NULL,0,'2014-09-28 14:14:11'),(100158,'1410244660083','3209862','1','0',1212121,400.00,NULL,0,'2014-09-28 14:14:38'),(100159,'50117091','12','1','0',NULL,1.00,NULL,2,'2014-09-28 14:18:47'),(100160,'1410244660083','3200','1','0',1212121,400.00,NULL,0,'2014-09-28 14:21:05'),(100161,'1410244660083','','0','0',1212121,400.00,NULL,0,'2014-09-28 14:24:57'),(100162,'1410244660083','','0','0',1212121,400.00,NULL,0,'2014-09-28 14:26:31'),(100163,'1410244660083','','0','0',1212121,400.00,NULL,0,'2014-09-28 14:27:38'),(100164,'1410244660083','','0','0',1212121,400.00,NULL,0,'2014-09-28 14:35:06'),(100165,'1410244660083','','0','0',1212121,400.00,NULL,2,'2014-09-28 14:42:07'),(100166,'1410244660083','3200','1','0',5,400.00,NULL,0,'2014-09-28 15:05:12'),(100167,'1410244660083','3200','1','0',5,100.00,NULL,0,'2014-09-28 15:12:29'),(100168,'1410244660083','','0','0',5,100.00,NULL,0,'2014-09-28 15:18:11'),(100169,'1410244660083','','0','0',5,100.00,NULL,0,'2014-09-28 15:18:47'),(100170,'1410244660083','','0','0',5,100.00,NULL,0,'2014-09-28 15:20:34'),(100171,'1410244660083','','0','0',5,100.00,NULL,0,'2014-09-28 15:22:03'),(100172,'1410244660083','','0','0',5,100.00,NULL,0,'2014-09-28 15:30:32'),(100173,'1410244660083','','0','0',5,100.00,NULL,0,'2014-09-28 15:36:16'),(100174,'1410244660083','','0','0',5,100.00,NULL,0,'2014-09-28 15:36:33'),(100175,'1410244660083','','0','0',5,100.00,NULL,0,'2014-09-28 15:37:07'),(100176,'1410250836566','213','1','0',NULL,100.00,NULL,2,'2014-09-28 15:47:18'),(100177,'50117091','','0','0',1212121,100.00,NULL,2,'2014-09-28 16:05:56'),(100178,'1410250836566','','0','0',5,500.00,NULL,0,'2014-09-28 16:57:58'),(100179,'1410250836566','','0','0',5,100.00,NULL,2,'2014-09-28 17:00:16'),(100180,'1410250836566','213','1','0',1212121,100.00,NULL,2,'2014-09-28 17:07:20'),(100181,'1410244660083','','0','0',1212121,500.00,NULL,2,'2014-09-28 17:10:34'),(100182,'1410250836566','','0','0',5,100.00,NULL,2,'2014-09-28 17:11:50'),(100183,'1410244660083','3200','1','0',5,200.00,NULL,2,'2014-09-28 17:24:57'),(100184,'1410244660083','','0','0',5,100.00,NULL,2,'2014-09-28 17:29:45'),(100185,'1410250836566','321','1','0',NULL,300.00,NULL,0,'2014-09-28 17:53:05'),(100186,'1410250836566','321','1','0',NULL,300.00,NULL,0,'2014-09-28 17:53:59'),(100187,'1410250836566','321','1','0',NULL,300.00,NULL,2,'2014-09-28 17:54:57'),(100188,'1410250836566','321','1','0',NULL,300.00,NULL,2,'2014-09-28 17:58:16'),(100189,'1410250836566','321','1','0',NULL,100.00,NULL,2,'2014-09-28 17:59:51'),(100190,'1410250836566',NULL,'1','0',NULL,100.00,NULL,0,'2014-09-28 18:29:22'),(100191,'1410250836566',NULL,'1','0',NULL,100.00,NULL,0,'2014-09-29 09:07:47'),(100192,'27861287','123456','1','0',NULL,1.00,NULL,2,'2014-09-29 15:02:51'),(100193,'1410250836566',NULL,'0','0',NULL,100.00,NULL,2,'2014-09-29 15:50:49'),(100194,'1410250836566',NULL,'0','0',NULL,100.00,NULL,2,'2014-09-29 15:53:36'),(100195,'1410250836566','213','1','0',NULL,200.00,NULL,2,'2014-09-29 16:07:02'),(100196,'1410250836566','321','1','0',NULL,200.00,NULL,2,'2014-09-29 16:10:19'),(100197,'1410250836566','213','1','0',NULL,1.00,NULL,2,'2014-09-29 16:10:46'),(100198,'1410250836566','213','1','0',NULL,11.00,NULL,2,'2014-09-29 16:12:03'),(100199,'1410250836566','321','1','0',NULL,1.00,NULL,2,'2014-09-29 16:14:46'),(100200,'1410250836566','123','1','0',NULL,1.00,NULL,2,'2014-09-29 16:21:17'),(100201,'1410250836566','','0','0',100001,100.00,NULL,2,'2014-09-29 16:32:59'),(100202,'1410250836566','123','1','0',300570,100.00,NULL,2,'2014-09-29 17:15:07'),(100203,'1410244660083','','0','0',100001,100.00,NULL,2,'2014-09-29 17:33:15'),(100204,'1410244660083','','0','0',100001,100.00,NULL,2,'2014-09-29 17:43:51'),(100205,'1410250836566','663288888888888800','1','0',NULL,100.00,NULL,2,'2014-09-29 17:50:35'),(100206,'1410250836566','663288888888888800','1','0',NULL,100.00,NULL,2,'2014-09-29 17:51:03'),(100207,'1410250836566','663288888888888800','1','0',100002,500.00,NULL,2,'2014-09-29 17:53:41'),(100208,'31621254','','0','0',100002,100.00,NULL,2,'2014-09-29 17:58:05'),(100209,'31621254','','0','0',100001,100.00,NULL,2,'2014-09-29 17:58:35'),(100210,'31621254','','0','0',NULL,100.00,NULL,2,'2014-09-29 17:58:58'),(100211,'31621254','','0','0',NULL,100.00,NULL,2,'2014-09-29 17:59:33'),(100212,'18569067','644488888888','1','0',NULL,99999999999.00,NULL,2,'2014-09-29 18:07:03'),(100213,'1410244660083','','0','0',300570,100.00,NULL,0,'2014-09-29 18:07:10'),(100214,'1410244660083','663288888888888800','1','0',300570,100.00,NULL,2,'2014-09-29 18:08:56'),(100215,'1410244660083','','0','0',300570,700.00,NULL,2,'2014-09-29 18:10:58'),(100216,'1410244660083','','0','0',300570,600.00,NULL,2,'2014-09-29 18:27:30'),(100217,'1410244660083','663288888888888800','1','0',100003,800.00,NULL,0,'2014-09-29 18:45:40'),(100218,'1410244660083','','0','0',100003,800.00,NULL,2,'2014-09-29 18:47:46'),(100219,'1410244660083','','0','0',100003,200.00,NULL,2,'2014-09-29 18:52:56'),(100220,'1410244660083','663288888888888800','1','0',100003,800.00,NULL,2,'2014-09-29 18:55:18'),(100221,'1410250836566','663288888888888800','1','0',NULL,10000000.00,NULL,2,'2014-09-30 09:30:54'),(100222,'1410244660083',NULL,'0','0',NULL,300.00,NULL,2,'2014-09-30 09:33:27'),(100223,'1410250836566','663288888888888884','1','0',NULL,123.00,NULL,2,'2014-09-30 09:39:45'),(100224,'1410250836566','663288888888888884','1','0',NULL,76.00,NULL,2,'2014-09-30 09:40:23'),(100225,'1410250836566','663288888888888884','1','0',NULL,100.00,NULL,2,'2014-09-30 09:42:11'),(100226,'1410250836566','','0','0',300570,10000.00,NULL,2,'2014-09-30 09:42:49'),(100227,'1410250836566',NULL,'0','0',NULL,1000.00,NULL,2,'2014-09-30 09:43:06'),(100228,'1410250836566','663288888888888884','1','0',NULL,100.00,NULL,2,'2014-09-30 09:47:50'),(100229,'1410250836566','663288888888888884','1','0',NULL,10000.00,NULL,2,'2014-09-30 09:50:16'),(100230,'1410250836566','663288888888888884','1','0',NULL,600.00,NULL,2,'2014-09-30 09:50:31'),(100231,'81201111','123123','1','0',NULL,1.00,NULL,2,'2014-09-30 09:52:58'),(100232,'81201111','','0','0',300570,100.00,NULL,2,'2014-09-30 09:56:11'),(100233,'1410244660083',NULL,'0','0',NULL,400.00,NULL,2,'2014-09-30 10:00:16'),(100234,'1410250836566','663288888888888884','1','0',NULL,100000.00,NULL,2,'2014-09-30 10:07:38'),(100235,'1410250836566',NULL,'0','0',NULL,100000.00,NULL,2,'2014-09-30 10:07:59'),(100236,'1410250836566','','0','0',300570,1000.00,NULL,2,'2014-09-30 10:08:47'),(100237,'1410250836566','663288888888888884','1','0',NULL,1.00,NULL,2,'2014-09-30 10:12:27'),(100238,'1410250836566','','0','0',100001,1000.00,NULL,2,'2014-09-30 10:14:09'),(100239,'12638712','123','1','0',NULL,1.00,NULL,2,'2014-09-30 10:26:26'),(100240,'1410244660083',NULL,'0','0',NULL,200.00,NULL,2,'2014-09-30 10:35:41'),(100241,'81201111','123123','1','0',NULL,10000.00,NULL,2,'2014-09-30 10:46:24'),(100242,'1410250836566','663288888888888800','1','0',NULL,100.00,NULL,2,'2014-09-30 11:41:45'),(100243,'43433332','6455555555555555555','1','0',NULL,1000000000.00,NULL,2,'2014-09-30 11:43:45'),(100244,'43433332','','0','0',300570,1000.00,NULL,2,'2014-09-30 11:46:36'),(100245,'43433332','','0','0',100001,100000.00,NULL,2,'2014-09-30 11:47:49'),(100246,'1410250836566','663288888888888884','1','0',NULL,10000.00,NULL,2,'2014-09-30 12:44:14'),(100247,'1410250836566',NULL,'0','0',NULL,1000.00,NULL,2,'2014-09-30 13:32:56'),(100248,'1410250836566','663288888888888884','1','0',NULL,100.00,NULL,2,'2014-09-30 13:33:58'),(100249,'1410250836566','663288888888888884','1','0',NULL,100000.00,NULL,2,'2014-09-30 13:34:29'),(100250,'1410250836566','663288888888888884','1','0',NULL,100.00,NULL,2,'2014-09-30 13:34:53'),(100251,'11111112','123','1','0',NULL,1.00,NULL,2,'2014-09-30 14:29:53'),(100252,'1410244660083','','0','0',300570,100.00,NULL,2,'2014-09-30 14:34:03'),(100253,'11111112','','0','0',100001,100.00,NULL,2,'2014-09-30 14:36:21'),(100254,'1410244660083','','0','0',300570,100.00,NULL,2,'2014-09-30 14:37:52'),(100255,'1410244660083','','0','0',300570,100.00,NULL,2,'2014-09-30 14:41:15'),(100256,'1410244660083','','0','0',300570,200.00,NULL,2,'2014-09-30 14:42:53'),(100257,'11111112','','0','0',300570,100.00,NULL,2,'2014-09-30 14:43:15'),(100258,'11111112','','0','0',100001,100.00,NULL,2,'2014-09-30 14:44:58'),(100259,'1410244660083','','0','0',300570,400.00,NULL,2,'2014-09-30 14:46:05'),(100260,'1410244660083','','0','0',100001,400.00,NULL,2,'2014-09-30 14:53:39'),(100261,'1410244660083','','0','0',100001,400.00,NULL,2,'2014-09-30 15:25:31'),(100262,'1410250836566','','0','0',300570,1000.00,NULL,2,'2014-09-30 15:38:13'),(100263,'1410244660083','','0','0',300570,300.00,NULL,2,'2014-09-30 17:12:10'),(100264,'1410250836566','','0','0',300570,100.00,NULL,0,'2014-10-08 14:35:43'),(100265,'1410250836566','','0','0',300570,100.00,NULL,2,'2014-10-08 14:59:04'),(100266,'1410250836566','','0','0',300570,100.00,NULL,2,'2014-10-08 14:59:59'),(100267,'1410250836566','663288888888888800','1','0',NULL,100.00,NULL,2,'2014-10-08 15:20:58'),(100268,'1410250836566','663288888888888800','1','0',NULL,100.00,NULL,2,'2014-10-08 15:24:37'),(100269,'1410250836566','663288888888888884','1','0',NULL,1.00,NULL,2,'2014-10-08 15:26:59'),(100270,'1410250836566','663288888888888884','1','0',NULL,100.00,NULL,2,'2014-10-08 16:54:56'),(100271,'1410250836566','','0','0',300570,100.00,NULL,2,'2014-10-08 17:32:06'),(100272,'1410250836566','','0','0',300570,100.00,NULL,0,'2014-10-08 17:34:15'),(100273,'1410250836566','','0','0',300570,100.00,NULL,0,'2014-10-08 17:35:02'),(100274,'1410250836566','663288888888888800','1','0',NULL,1000.00,NULL,0,'2014-10-08 17:36:25'),(100275,'1410250836566','','0','0',300570,100.00,NULL,2,'2014-10-08 17:59:36'),(100276,'1410250836566','','0','0',300570,100.00,NULL,0,'2014-10-08 18:01:52'),(100277,'1410250836566','','0','0',300570,100.00,NULL,0,'2014-10-09 09:16:53');

/*Table structure for table `fund_interestcol_tb` */

DROP TABLE IF EXISTS `fund_interestcol_tb`;

CREATE TABLE `fund_interestcol_tb` (
  `acc_id` varchar(32) NOT NULL,
  `prod_id` int(11) NOT NULL,
  `n_amount` decimal(19,2) DEFAULT NULL,
  `ist_tt` decimal(19,2) DEFAULT NULL,
  `ist_sum` decimal(19,2) DEFAULT NULL,
  `ist_week` decimal(19,2) DEFAULT NULL,
  `ist_yesterday` decimal(19,2) DEFAULT NULL,
  `ist_month` decimal(19,2) DEFAULT NULL,
  `ist_7day` decimal(19,2) DEFAULT NULL,
  `s_date` datetime DEFAULT NULL
) ENGINE=InnoDB DEFAULT CHARSET=utf8;

/*Data for the table `fund_interestcol_tb` */

insert  into `fund_interestcol_tb`(`acc_id`,`prod_id`,`n_amount`,`ist_tt`,`ist_sum`,`ist_week`,`ist_yesterday`,`ist_month`,`ist_7day`,`s_date`) values ('1410244660083',1212121,50.00,0.03,100.00,30.00,3.00,4.00,3.01,'2013-12-12 12:32:21'),('1410250836566',1212121,100.00,NULL,200.00,NULL,5.00,NULL,NULL,'2014-09-17 16:14:30'),('1410244660083',1212121,NULL,NULL,NULL,NULL,2.00,NULL,NULL,'2014-09-17 16:14:39'),('1410244660083',1212121,NULL,NULL,NULL,NULL,1.00,NULL,NULL,'2014-09-17 16:14:43'),('1410244660083',1212121,NULL,NULL,NULL,NULL,11.00,NULL,NULL,'2014-09-17 16:14:47'),('1410244660083',1212121,NULL,NULL,NULL,NULL,15.00,NULL,NULL,'2014-09-17 16:14:53'),('1410244660083',1212121,NULL,NULL,NULL,NULL,54.00,NULL,NULL,'2014-09-17 16:14:59'),('1410244660083',1212121,NULL,NULL,NULL,NULL,4.00,NULL,NULL,'2014-09-17 16:15:04'),('1410244660083',1212121,NULL,NULL,NULL,NULL,7.00,NULL,NULL,'2014-09-17 16:15:11'),('1410244660083',1212121,NULL,NULL,NULL,NULL,17.00,NULL,NULL,'2014-09-17 16:15:18'),('1410244660083',1212121,NULL,NULL,NULL,NULL,11.00,NULL,NULL,'2014-09-17 16:15:24'),('1410250836568',14,14.00,11.00,14.00,14.00,14.00,14.00,14.00,NULL);

/*Table structure for table `fund_interestlist_tb` */

DROP TABLE IF EXISTS `fund_interestlist_tb`;

CREATE TABLE `fund_interestlist_tb` (
  `acc_id` varchar(32) DEFAULT NULL,
  `prod_id` int(11) DEFAULT NULL,
  `n_amount` decimal(19,2) DEFAULT NULL,
  `interest` decimal(19,2) DEFAULT NULL,
  `h_date` datetime DEFAULT NULL
) ENGINE=InnoDB DEFAULT CHARSET=utf8;

/*Data for the table `fund_interestlist_tb` */

/*Table structure for table `fund_prodbuy_tb` */

DROP TABLE IF EXISTS `fund_prodbuy_tb`;

CREATE TABLE `fund_prodbuy_tb` (
  `acc_id` varchar(32) NOT NULL COMMENT '帐号',
  `prod_id` int(11) NOT NULL COMMENT '签约基金产品代码',
  `amount` decimal(19,2) DEFAULT NULL COMMENT '购买数量',
  `expire_time` timestamp NOT NULL DEFAULT CURRENT_TIMESTAMP ON UPDATE CURRENT_TIMESTAMP COMMENT '到期时间',
  `fund_acc` int(11) NOT NULL COMMENT '基金帐号'
) ENGINE=InnoDB DEFAULT CHARSET=utf8;

/*Data for the table `fund_prodbuy_tb` */

insert  into `fund_prodbuy_tb`(`acc_id`,`prod_id`,`amount`,`expire_time`,`fund_acc`) values ('1410244660083',1212121,25200.00,'2014-09-28 17:10:37',0),('1410250836566',1212121,600.00,'2014-09-28 17:07:23',0),('50117091',1212121,100.00,'2014-09-28 16:10:01',0),('1410250836566',300570,11500.00,'2014-10-08 18:00:44',0),('1410244660083',300570,2400.00,'2014-09-30 17:12:11',0),('81201111',300570,100.00,'2014-09-30 09:56:36',0),('43433332',300570,1000.00,'2014-09-30 11:46:39',0),('11111112',300570,100.00,'2014-09-30 14:43:33',0);

/*Table structure for table `fund_prodbuylist_tb` */

DROP TABLE IF EXISTS `fund_prodbuylist_tb`;

CREATE TABLE `fund_prodbuylist_tb` (
  `acc_id` varchar(32) NOT NULL COMMENT '帐号',
  `prod_id` int(11) NOT NULL COMMENT '签约基金产品代码',
  `buy_amount` decimal(19,2) DEFAULT NULL COMMENT '购买数量',
  `sale_amount` decimal(19,2) DEFAULT NULL COMMENT '卖出数量',
  `oper_time` timestamp NOT NULL DEFAULT CURRENT_TIMESTAMP ON UPDATE CURRENT_TIMESTAMP COMMENT '操作时间'
) ENGINE=InnoDB DEFAULT CHARSET=utf8;

/*Data for the table `fund_prodbuylist_tb` */

insert  into `fund_prodbuylist_tb`(`acc_id`,`prod_id`,`buy_amount`,`sale_amount`,`oper_time`) values ('1410244660083',1212121,100.00,NULL,'2014-09-19 11:49:57'),('1410244660083',1212121,200.00,NULL,'2014-09-19 11:50:24'),('1410244660083',1212121,2000.00,NULL,'2014-09-19 13:38:04'),('1410244660083',1212121,20000.00,NULL,'2014-09-19 13:38:23'),('1410244660083',1212121,700.00,NULL,'2014-09-19 16:07:26'),('1410244660083',1212121,900.00,NULL,'2014-09-23 10:45:10'),('1410244660083',1212121,200.00,NULL,'2014-09-23 16:35:06'),('1410244660083',1212121,200.00,NULL,'2014-09-24 14:52:35'),('1410250836566',1212121,100.00,NULL,'2014-09-26 16:40:32'),('1410250836566',1212121,300.00,NULL,'2014-09-26 16:50:02'),('1410250836566',1212121,100.00,NULL,'2014-09-26 16:50:48'),('1410244660083',1212121,400.00,NULL,'2014-09-28 14:45:27'),('50117091',1212121,100.00,NULL,'2014-09-28 16:10:01'),('1410250836566',1212121,100.00,NULL,'2014-09-28 17:07:23'),('1410244660083',1212121,500.00,NULL,'2014-09-28 17:10:37'),('1410250836566',300570,100.00,NULL,'2014-09-29 17:15:09'),('1410244660083',300570,100.00,NULL,'2014-09-29 18:08:59'),('1410244660083',300570,700.00,NULL,'2014-09-29 18:11:00'),('1410244660083',300570,600.00,NULL,'2014-09-29 18:27:33'),('1410250836566',300570,10000.00,NULL,'2014-09-30 09:42:50'),('81201111',300570,100.00,NULL,'2014-09-30 09:56:36'),('1410250836566',300570,1000.00,NULL,'2014-09-30 10:08:49'),('43433332',300570,1000.00,NULL,'2014-09-30 11:46:38'),('1410244660083',300570,100.00,NULL,'2014-09-30 14:34:42'),('1410244660083',300570,100.00,NULL,'2014-09-30 14:38:00'),('1410244660083',300570,100.00,NULL,'2014-09-30 14:41:17'),('1410244660083',300570,200.00,NULL,'2014-09-30 14:43:19'),('11111112',300570,100.00,NULL,'2014-09-30 14:43:33'),('1410244660083',300570,400.00,NULL,'2014-09-30 14:46:41'),('1410250836566',300570,1000.00,NULL,'2014-09-30 15:38:21'),('1410244660083',300570,300.00,NULL,'2014-09-30 17:12:11'),('1410250836566',300570,100.00,NULL,'2014-10-08 14:59:10'),('1410250836566',300570,100.00,NULL,'2014-10-08 15:00:04'),('1410250836566',300570,100.00,NULL,'2014-10-08 17:33:44'),('1410250836566',300570,100.00,NULL,'2014-10-08 18:00:44');

/*Table structure for table `p2p_prodbuy_tb` */

DROP TABLE IF EXISTS `p2p_prodbuy_tb`;

CREATE TABLE `p2p_prodbuy_tb` (
  `acc_id` varchar(32) DEFAULT NULL COMMENT '帐号',
  `prod_id` int(11) DEFAULT NULL COMMENT '签约p2p产品代码',
  `amount` decimal(19,2) DEFAULT NULL COMMENT '购买数量',
  `t_repay_amout` decimal(19,2) DEFAULT NULL COMMENT '已还本金',
  `t_ist` decimal(19,2) DEFAULT NULL COMMENT '已收利息',
  `expire_date` datetime DEFAULT NULL COMMENT '到期时间'
) ENGINE=InnoDB DEFAULT CHARSET=utf8;

/*Data for the table `p2p_prodbuy_tb` */

insert  into `p2p_prodbuy_tb`(`acc_id`,`prod_id`,`amount`,`t_repay_amout`,`t_ist`,`expire_date`) values ('1410244660083',5,14400.00,NULL,NULL,'2014-09-19 13:35:35'),('1410244660083',6,4400.00,NULL,NULL,'2014-09-19 13:55:30'),('1410250836566',126,11.00,100.00,10.00,'2014-09-26 15:02:26'),('1410250836566',124,11.00,100.00,10.00,'2014-09-26 15:02:26'),('1410250836566',125,11.00,100.00,10.00,'2014-09-26 15:02:26'),('1410250836566',125,11.00,100.00,10.00,'2014-09-26 15:02:26'),('1410250836566',127,15.00,200.00,20.00,'2014-09-01 15:02:50'),('1410250836566',5,300.00,NULL,NULL,'2014-09-26 14:12:16'),('1410250836566',6,400.00,NULL,NULL,'2014-09-28 09:48:05'),('1410250836566',100001,1100.00,NULL,NULL,'2014-09-29 16:33:01'),('1410244660083',100001,1000.00,NULL,NULL,'2014-09-29 17:33:17'),('1410250836566',NULL,100.00,NULL,NULL,'2014-09-29 17:50:37'),('1410250836566',NULL,100.00,NULL,NULL,'2014-09-29 17:51:05'),('1410250836566',100002,500.00,NULL,NULL,'2014-09-29 17:53:42'),('31621254',100002,100.00,NULL,NULL,'2014-09-29 17:58:06'),('31621254',100001,100.00,NULL,NULL,'2014-09-29 17:58:36'),('31621254',NULL,100.00,NULL,NULL,'2014-09-29 17:58:59'),('31621254',NULL,100.00,NULL,NULL,'2014-09-29 17:59:35'),('1410244660083',100003,1800.00,NULL,NULL,'2014-09-29 18:50:58'),('43433332',100001,100000.00,NULL,NULL,'2014-09-30 11:47:51'),('11111112',100001,200.00,NULL,NULL,'2014-09-30 14:37:39');

/*Table structure for table `p2p_prodbuylist_tb` */

DROP TABLE IF EXISTS `p2p_prodbuylist_tb`;

CREATE TABLE `p2p_prodbuylist_tb` (
  `acc_id` varchar(32) DEFAULT NULL COMMENT '账号',
  `prod_id` int(11) DEFAULT NULL COMMENT '签约基金产品代码',
  `buy_amount` decimal(19,2) DEFAULT NULL COMMENT '购买数量',
  `sale_amount` decimal(19,2) DEFAULT NULL COMMENT '卖出数量',
  `oper_time` timestamp NOT NULL DEFAULT CURRENT_TIMESTAMP ON UPDATE CURRENT_TIMESTAMP COMMENT '操作时间'
) ENGINE=InnoDB DEFAULT CHARSET=utf8;

/*Data for the table `p2p_prodbuylist_tb` */

insert  into `p2p_prodbuylist_tb`(`acc_id`,`prod_id`,`buy_amount`,`sale_amount`,`oper_time`) values ('1410244660083',5,200.00,NULL,'2014-09-19 13:35:35'),('1410244660083',5,200.00,NULL,'2014-09-19 13:38:49'),('1410244660083',5,2300.00,NULL,'2014-09-19 13:46:08'),('1410244660083',5,3200.00,NULL,'2014-09-19 13:51:05'),('1410244660083',6,3200.00,NULL,'2014-09-19 13:55:14'),('1410244660083',5,300.00,NULL,'2014-09-19 16:03:09'),('1410244660083',5,1200.00,NULL,'2014-09-22 11:53:44'),('1410244660083',5,1100.00,NULL,'2014-09-22 11:55:19'),('1410244660083',5,100.00,NULL,'2014-09-22 11:59:58'),('1410244660083',5,1100.00,NULL,'2014-09-23 10:43:08'),('1410244660083',5,100.00,NULL,'2014-09-23 16:41:55'),('1410244660083',6,200.00,NULL,'2014-09-24 10:41:32'),('1410244660083',6,200.00,NULL,'2014-09-24 10:43:28'),('1410244660083',6,200.00,NULL,'2014-09-24 11:17:23'),('1410244660083',6,200.00,NULL,'2014-09-24 11:18:34'),('1410244660083',6,200.00,NULL,'2014-09-24 11:22:08'),('1410244660083',5,4000.00,NULL,'2014-09-24 11:23:57'),('1410244660083',6,200.00,NULL,'2014-09-24 14:52:07'),('1410250836566',5,100.00,NULL,'2014-09-26 14:12:16'),('1410250836566',6,400.00,NULL,'2014-09-28 09:48:05'),('1410250836566',5,100.00,NULL,'2014-09-28 17:00:29'),('1410250836566',5,100.00,NULL,'2014-09-28 17:11:53'),('1410244660083',5,200.00,NULL,'2014-09-28 17:25:00'),('1410244660083',5,200.00,NULL,'2014-09-28 17:25:57'),('1410244660083',5,100.00,NULL,'2014-09-28 17:29:47'),('1410244660083',5,100.00,NULL,'2014-09-28 17:31:58'),('1410250836566',100001,100.00,NULL,'2014-09-29 16:33:01'),('1410244660083',100001,100.00,NULL,'2014-09-29 17:33:17'),('1410244660083',100001,100.00,NULL,'2014-09-29 17:43:53'),('1410250836566',NULL,100.00,NULL,'2014-09-29 17:50:37'),('1410250836566',NULL,100.00,NULL,'2014-09-29 17:51:05'),('1410250836566',100002,500.00,NULL,'2014-09-29 17:53:42'),('31621254',100002,100.00,NULL,'2014-09-29 17:58:06'),('31621254',100001,100.00,NULL,'2014-09-29 17:58:36'),('31621254',NULL,100.00,NULL,'2014-09-29 17:58:59'),('31621254',NULL,100.00,NULL,'2014-09-29 17:59:35'),('1410244660083',100003,800.00,NULL,'2014-09-29 18:50:21'),('1410244660083',100003,200.00,NULL,'2014-09-29 18:52:58'),('1410244660083',100003,800.00,NULL,'2014-09-29 18:55:21'),('1410250836566',100001,1000.00,NULL,'2014-09-30 10:14:12'),('43433332',100001,100000.00,NULL,'2014-09-30 11:47:51'),('11111112',100001,100.00,NULL,'2014-09-30 14:37:39'),('11111112',100001,100.00,NULL,'2014-09-30 14:45:05'),('1410244660083',100001,400.00,NULL,'2014-09-30 14:53:52'),('1410244660083',100001,400.00,NULL,'2014-09-30 15:25:53');

/*Table structure for table `prod_fund_tb` */

DROP TABLE IF EXISTS `prod_fund_tb`;

CREATE TABLE `prod_fund_tb` (
  `prod_id` int(11) NOT NULL,
  `prod_name` varchar(10) NOT NULL,
  `prod_type` varchar(10) NOT NULL,
  `issue_total` varchar(10) NOT NULL,
  `remaining` decimal(19,2) NOT NULL,
  `saled` decimal(19,2) NOT NULL,
  `currency` int(2) NOT NULL,
  `value_date` datetime NOT NULL,
  `expire_date` datetime NOT NULL,
  `ist_year` decimal(19,5) NOT NULL,
  `lowest_limit` decimal(19,2) NOT NULL,
  `risk_lvl` int(2) NOT NULL,
  `prod_state` int(2) NOT NULL,
  `prod_readme` varchar(800) NOT NULL,
  `prod_publisher` varchar(10) NOT NULL,
  `prod_checker` varchar(10) NOT NULL,
  `hpage_promoted` int(2) DEFAULT NULL,
  `ist_7day` decimal(19,2) NOT NULL,
  PRIMARY KEY (`prod_id`)
) ENGINE=InnoDB DEFAULT CHARSET=utf8;

/*Data for the table `prod_fund_tb` */

insert  into `prod_fund_tb`(`prod_id`,`prod_name`,`prod_type`,`issue_total`,`remaining`,`saled`,`currency`,`value_date`,`expire_date`,`ist_year`,`lowest_limit`,`risk_lvl`,`prod_state`,`prod_readme`,`prod_publisher`,`prod_checker`,`hpage_promoted`,`ist_7day`) values (300570,'信雅达货币基金','货币基金','9999999999',9999999999.00,10000.00,156,'2014-09-30 00:00:00','8888-09-27 21:43:43',0.04125,100.00,0,8,'基金详情','Mr D','Mrs S',1,0.06);

/*Table structure for table `prod_fundinterestlist_tb` */

DROP TABLE IF EXISTS `prod_fundinterestlist_tb`;

CREATE TABLE `prod_fundinterestlist_tb` (
  `prod_id` int(11) NOT NULL,
  `prod_name` varchar(10) NOT NULL,
  `prod_type` varchar(10) NOT NULL,
  `ist` decimal(19,5) NOT NULL,
  `value_date` datetime NOT NULL
) ENGINE=InnoDB DEFAULT CHARSET=utf8;

/*Data for the table `prod_fundinterestlist_tb` */

insert  into `prod_fundinterestlist_tb`(`prod_id`,`prod_name`,`prod_type`,`ist`,`value_date`) values (300570,'信雅达货币基金','2',0.04125,'2014-09-14 11:12:05'),(300570,'信雅达货币基金','2',0.04126,'2014-09-15 11:12:49'),(300570,'信雅达货币基金','2',0.04120,'2014-09-16 11:12:49'),(300570,'信雅达货币基金','2',0.04125,'2014-09-17 11:12:49'),(300570,'信雅达货币基金','2',0.04211,'2014-09-18 11:12:49'),(300570,'信雅达货币基金','2',0.04225,'2014-09-19 14:31:51'),(300570,'信雅达货币基金','2',0.04221,'2014-09-20 14:32:01'),(300570,'信雅达货币基金','2',0.04125,'2014-09-21 14:32:19');

/*Table structure for table `prod_p2p_tb` */

DROP TABLE IF EXISTS `prod_p2p_tb`;

CREATE TABLE `prod_p2p_tb` (
  `next_repay_date` datetime DEFAULT NULL,
  `prod_id` int(11) NOT NULL,
  `prod_name` varchar(10) NOT NULL,
  `issue_total` decimal(10,0) NOT NULL,
  `remaining` decimal(10,0) NOT NULL,
  `saled` decimal(10,0) NOT NULL,
  `lowest_limit` decimal(10,0) NOT NULL,
  `currency` int(11) NOT NULL,
  `value_date` datetime NOT NULL,
  `expire_date` datetime NOT NULL,
  `ist_year` decimal(19,2) NOT NULL,
  `parti_num` int(11) NOT NULL,
  `prod_state` int(11) NOT NULL,
  `prod_readme` longtext NOT NULL,
  `prod_schedule` decimal(10,0) NOT NULL,
  `prod_publisher` varchar(10) NOT NULL,
  `prod_checker` varchar(10) DEFAULT NULL,
  `repay_type` int(2) DEFAULT NULL COMMENT '还款方式',
  `prod_type` varchar(4) DEFAULT NULL COMMENT '产品类型',
  `hpage_promoted` int(2) DEFAULT NULL COMMENT '是否首页推荐',
  `cycle` int(12) DEFAULT NULL,
  PRIMARY KEY (`prod_id`)
) ENGINE=InnoDB DEFAULT CHARSET=utf8;

/*Data for the table `prod_p2p_tb` */

insert  into `prod_p2p_tb`(`next_repay_date`,`prod_id`,`prod_name`,`issue_total`,`remaining`,`saled`,`lowest_limit`,`currency`,`value_date`,`expire_date`,`ist_year`,`parti_num`,`prod_state`,`prod_readme`,`prod_schedule`,`prod_publisher`,`prod_checker`,`repay_type`,`prod_type`,`hpage_promoted`,`cycle`) values ('2014-11-01 00:00:00',100001,'店面装修贷款',1000000,400000,600000,100,156,'2014-10-01 00:00:00','2015-10-01 00:00:00',0.09,198,8,'产品说明书',1,'中国民生银行','中国人民银行',1,'个人',1,12),('2014-11-01 00:00:00',100002,'设备采购贷款',2000000,800000,1200000,100,156,'2014-10-01 00:00:00','2016-10-01 00:00:00',0.08,492,8,'产品说明书',1,'中国兴业银行','中国人民银行',1,'小微',1,24),('2014-11-01 00:00:00',100003,'项目集资贷款',3000000,1200000,1800000,100,156,'2014-10-01 00:00:00','2017-10-01 00:00:00',0.08,145,8,'产品说明书',1,'杭州银行','中国工商银行',1,'小微',0,36),('2014-09-01 00:00:00',100004,'融资贷款',100000,0,100000,100,156,'2013-10-01 00:00:00','2014-10-01 00:00:00',0.10,25,1,'产品说明书',1,'杭州银行','中国工商银行',1,'小微',0,12),('2014-09-01 00:00:00',100005,'融资贷款',100000,0,100000,100,156,'2013-10-01 00:00:00','2014-10-01 00:00:00',0.15,32,1,'产品说明书',1,'杭州银行','中国工商银行',1,'小微',0,12),('2014-09-01 00:00:00',100006,'买房贷款',100000,0,100000,100,156,'2013-10-01 00:00:00','2014-10-01 00:00:00',0.11,21,1,'产品说明书',1,'杭州银行','中国建设银行',1,'个人',0,12),('2014-09-01 00:00:00',100007,'融资贷款',100000,0,100000,100,156,'2013-10-01 00:00:00','2014-10-01 00:00:00',0.12,55,1,'产品说明书',1,'杭州银行','中国建设银行',1,'小微',0,12);

/*!40101 SET SQL_MODE=@OLD_SQL_MODE */;
/*!40014 SET FOREIGN_KEY_CHECKS=@OLD_FOREIGN_KEY_CHECKS */;
/*!40014 SET UNIQUE_CHECKS=@OLD_UNIQUE_CHECKS */;
/*!40111 SET SQL_NOTES=@OLD_SQL_NOTES */;
